1,abandon,/??'b??nd??n/ n. Syn. relinquish,??'b??nd??n, n, Syn, relinquish,lacking restraint or control; feeling of extreme emotional intensity; unbounded enthusiasm
2,abash,/??'b????/ v. Syn. embarrass,??'b????, v, Syn, embarrass,embarrass; make ashamed or uneasy; disconcert
3,abdicate,/'??bd??ke??t/ v. Syn. renounce,'??bd??ke??t, v, Syn, renounce,"give up, renounce, abandon, lay down, or withdraw from, as a right or claim"
4,abet,/??'b??t/ v. Syn. encourage,??'b??t, v, Syn, encourage,"aid, usually in doing something wrong; encourage"
5,abridge,/??'br??d??/ v. Syn. condense; shorten,??'br??d??, v, Syn, condense; shorten,condense; shorten; reduce length of written text
6,abrogate,/'??bro??ge??t/ a. Syn. abolish,'??bro??ge??t, a, Syn, abolish,"abolish, do away with, or annul, especially by authority"
7,abstemious,/??b'sti:m????s/ a. Syn. temperate,??b'sti:m????s, a, Syn, temperate,sparing or moderation in eating and drinking; temperate
8,academic,/??k??'d??m??k/ a. Syn. scholarly; collegiate; theoretical,??k??'d??m??k, a, Syn, scholarly; collegiate; theoretical,related to school; not practical or directly useful; relating to scholarly organization; based on formal education
9,accede,/??k'si:d/ v. Syn. agree; assent; concede,??k'si:d, v, Syn, agree; assent; concede,"agree; give consent, often at insistence of another; concede"
10,accelerate,/??k's??l??re??t/ v. Syn. speed; hasten,??k's??l??re??t, v, Syn, speed; hasten,move faster; cause to develop or progress more quickly; occur sooner than expected
11,accolade,/'??k??le??d/ n. Syn. praise,'??k??le??d, n, Syn, praise,award of merit; expression of approval; praise
12,accord,/??'k??:d/ n. Syn. agreement; treaty,??'k??:d, n, Syn, agreement; treaty,settlement or compromise of conflicting opinions; written agreement between two states
13,acrimonious,/??kr??'mo??n????s/ a. Syn. rancorous,??kr??'mo??n????s, a, Syn, rancorous,"bitter and sharp in language, tone, or manner"
14,acumen,"/'??kj??m??n, ??'kju:m??n/ n. Syn. acuteness; insight","'??kj??m??n, ??'kju:m??n", n, Syn, acuteness; insight,mental keenness; quickness of perception
15,admonish,/??d'm??n????/ v. Syn. warn; reprove,??d'm??n????, v, Syn, warn; reprove,warn; counsel someone against something to be avoided
16,admonition,/??dm??'n????(??)n/ n. Syn. warning,??dm??'n????(??)n, n, Syn, warning,gentle or friendly reproof; counseling against fault or oversight; warning
17,adversary,/'??dv??s??r??/ n. Syn. opponent; contestant,'??dv??s??r??, n, Syn, opponent; contestant,opponent in contest; someone who offers opposition
18,adverse,/'??dv??rs/ a. Syn. unfavorable; hostile,'??dv??rs, a, Syn, unfavorable; hostile,in opposing direction; harmful or unfavorable; acting or serving to oppose
19,adversity,/??d'v??rs??t??/ n. Syn. poverty; misfortune,??d'v??rs??t??, n, Syn, poverty; misfortune,"state of misfortune, hardship, or affliction; misfortune"
20,aesthetic,/i:s'????t??k/ a. Syn. artistic; elegant,i:s'????t??k, a, Syn, artistic; elegant,elegant or tasteful; of or concerning appreciation of beauty or good taste
21,affable,/'??f??b(??)l/ a.??,'??f??b(??)l, a,??,,easily approachable; warmly friendly
22,affluent,/'??fl????nt/ a.??,'??fl????nt, a,??,,having an abundant supply of money or possessions of value
23,aggressive,/'??gr??s??v/ a.??,'??gr??s??v, a,??,,making assaults; unjustly attacking; combative; hostile; tending to spread quickly
24,alacrity,/??'l??kr??t??/ n.??,??'l??kr??t??, n,??,,cheerful promptness or willingness; eagerness; speed or quickness
25,alienate,/'e??l????ne??t/ v. Syn. estrange; transfer; separate,'e??l????ne??t, v, Syn, estrange; transfer; separate,cause to become unfriendly or hostile; transfer property or ownership; isolate or dissociate emotionally
26,allay,/??'le??/ v. Syn. calm; pacify; relieve,??'le??, v, Syn, calm; pacify; relieve,calm; pacify; reduce the intensity of; relieve
27,allude,/??'lu:d/ v. Syn. imply; refer,??'lu:d, v, Syn, imply; refer,"refer casually or indirectly, or by suggestion"
28,allure,/??'lj????(r)/ v. Syn. entice; attract,??'lj????(r), v, Syn, entice; attract,"attract with something desirable; be highly, often subtly attractive"
29,allusion,/??'lu:??(??)n/ n. Syn. metaphor,??'lu:??(??)n, n, Syn, metaphor,indirect reference; symbolical reference or comparison; metaphor
30,ambiguous,/??m'b??gj????s/ a.??,??m'b??gj????s, a,??,,unclear or doubtful in meaning
31,amiable,/'e??m????b(??)l/ a. Syn. agreeable; lovable,'e??m????b(??)l, a, Syn, agreeable; lovable,good-natured and likable; lovable; warmly friendly
32,analogous,/??'n??l??g??s/ a. Syn. comparable,??'n??l??g??s, a, Syn, comparable,comparable; similar or alike
33,analogy,/??'n??l??d????/ n. Syn. similarity; parallelism,??'n??l??d????, n, Syn, similarity; parallelism,similarity in some respects; comparison based on similarity
34,anarchy,/'??n??k??/ n. Syn. lawlessness; disorder,'??n??k??, n, Syn, lawlessness; disorder,absence of governing body; state of disorder; political disorder and confusion
35,animus,/'??n??m??s/ n. Syn. enmity; disposition,'??n??m??s, n, Syn, enmity; disposition,feeling of enmity or ill will; attitude that informs one's actions; disposition
36,annals,/'??n(??)lz/ n. Syn. records; history,'??n(??)lz, n, Syn, records; history,chronological record of the events of successive years
37,anonymous,/??'n??n??m??s/ a. Syn. unknown; nameless,??'n??n??m??s, a, Syn, unknown; nameless,having no name; having unknown or unacknowledged name
38,anthology,/??n'????l??d????/ n. Syn. collection,??n'????l??d????, n, Syn, collection,book of literary selections by various authors
39,antithesis,/??n't??????s??s/ n. Syn. contrast,??n't??????s??s, n, Syn, contrast,contrast; direct contrast; opposition
40,apathetic,/??p??'????t??k/ a.??,??p??'????t??k, a,??,,feeling or showing a lack of interest or concern; indifferent
41,apathy,/'??p??????/ n. Syn. indifference,'??p??????, n, Syn, indifference,lack of caring; indifference
42,apprehend,/??pr??'h??nd/ v. Syn. arrest; perceive,??pr??'h??nd, v, Syn, arrest; perceive,take into custody; arrest a criminal; grasp mentally; perceive
43,apprehensive,/??pr??'h??ns??v/ a.??,??pr??'h??ns??v, a,??,,capable of apprehending; knowing; conscious; relating to the faculty of apprehension; sensible; feeling; perceptive
44,apprise,/??'pra??z/ v. Syn. inform,??'pra??z, v, Syn, inform,inform; give notice to; make aware
45,approbation,/??pr??'be????(??)n/ n. Syn. approval,??pr??'be????(??)n, n, Syn, approval,expression of warm approval; praise
46,apt,/??pt/ a. Syn. appropriate; suitable,??pt, a, Syn, appropriate; suitable,likely; exactly suitable; appropriate; quick to learn or understand
47,aptitude,/'??pt??tju:d/;/'??pt??tud/ n. Syn. intelligence; talent,??pt??tju:d; '??pt??tud, n, Syn, intelligence; talent,inherent ability; quickness in learning and understanding
48,arbiter,/'??rb??t??(r)/ n. Syn. judge,'??rb??t??(r), n, Syn, judge,person with power to decide a dispute; judge
49,archetype,/'??rk??ta??p/ n. Syn. prototype,'??rk??ta??p, n, Syn, prototype,prototype; original model or type after which other similar things are patterned
50,arid,/'??r??d/ a. Syn. dry; barren,'??r??d, a, Syn, dry; barren,"dry; lacking moisture, especially having insufficient rainfall to support trees or plants"
51,aristocracy,/??r??s't??kr??s??/ n.??,??r??s't??kr??s??, n,??,,hereditary nobility; privileged class
52,articulate,/??r't??kj??l??t/ a. Syn. effective; distinct,??r't??kj??l??t, a, Syn, effective; distinct,expressing oneself easily in clear and effective language
53,ascetic,/??'s??t??k/ a. Syn. austere; severe,??'s??t??k, a, Syn, austere; severe,leading a life of self-discipline and self-denial; austere
54,assiduous,/??'s??dj????s/;/??'s??d??????s/ a. Syn. diligent; persistent,??'s??dj????s; ??'s??d??????s, a, Syn, diligent; persistent,constant in application or attention; diligent; unceasing or persistent
55,asylum,/??'sa??l??m/ n. Syn. protection,??'sa??l??m, n, Syn, protection,place of refuge or shelter; protection
56,atheist,/'e????i??st/ n. Syn. nonbeliever,'e????i??st, n, Syn, nonbeliever,nonbeliever; one who denies the existence of god
57,attribute,/??'tr??bju:t/ n. Syn. trait,??'tr??bju:t, n, Syn, trait,essential quality; reputation; honor
58,augment,/??:g'm??nt/ v. Syn. increase,??:g'm??nt, v, Syn, increase,"make greater, as in size, extent, or quantity"
59,auspicious,/??:'sp??????s/ a. Syn. propitious,??:'sp??????s, a, Syn, propitious,attended by favorable circumstances; marked by success; prosperous
60,authentic,/??r'????nt??k/ a. Syn. genuine; real; valid; trustworthy,??r'????nt??k, a, Syn, genuine; real; valid; trustworthy,not counterfeit or copied; valid; trustworthy
61,autocratic,/??t??'kr??t??k/ a. Syn. dictatorial,??t??'kr??t??k, a, Syn, dictatorial,"having absolute, unchecked power; dictatorial"
62,avarice,/'??v??r??s/ n.??,'??v??r??s, n,??,,greediness for wealth; insatiable desire of gain
63,awry,/??'ra??/ ad. Syn. distorted; crooked ; askew; amiss,??'ra??, ad, Syn, distorted; crooked ; askew; amiss,in a position that is turned toward one side; away from correct course
64,banal,/b??'n??rl/;/'be??nl/ a. Syn. dull; commonplace; trite,b??'n??rl; 'be??nl, a, Syn, dull; commonplace; trite,obvious and dull; commonplace; lacking originality
65,bane,/be??n/ n. Syn. curse,be??n, n, Syn, curse,something causes misery or death; curse; fatal injury or ruin
66,banter,/'b??nt??(r)/ n.??,'b??nt??(r), n,??,,"good-humored, playful conversation"
67,baton,/'b??t(??)n/;/b??'t??n/ n.??,b??t(??)n; b??'t??n,n,,,"a staff or truncheon, used for various purposes, as one of a conductor in musical performances, one transferred by runners in a relay race"
68,belie,/b??'la??/ v. Syn. contradict,b??'la??, v, Syn, contradict,contradict; give a false impression
69,bellicose,/'b??l??ko??s/ a. Syn. warlike; belligerent,'b??l??ko??s, a, Syn, warlike; belligerent,warlike or hostile in manner or temperament; showing or having impulse to be combative
70,benevolent,/b??'n??v??l??nt/ a. Syn. generous; charitable,b??'n??v??l??nt, a, Syn, generous; charitable,generous in providing aid to others; charitable
71,besmirch,/b??'sm??rt??/ v.??,b??'sm??rt??, v,??,,"soil, smear so as to make dirty or stained"
72,biased,/'ba????s(??)d/ a. Syn. slanted; prejudiced,'ba????s(??)d, a, Syn, slanted; prejudiced,favoring one person or side over another; prejudiced
73,bizarre,/b??'z??r(r)/ a. Syn. fantastic,b??'z??r(r), a, Syn, fantastic,fantastic; violently contrasting; strangely unconventional in style or appearance
74,bland,/bl??nd/ a. Syn. soothing; mild; agreeable,bl??nd, a, Syn, soothing; mild; agreeable,lacking stimulating or mild; agreeable
75,blandishment,/'bl??nd????m??nt/ n. Syn. flattery,'bl??nd????m??nt, n, Syn, flattery,"flattery; speech or action expressive of affection or kindness, and tending to win the heart"
76,blemish,/'bl??m????/ v.??,'bl??m????, v,??,,"mark with deformity; injure or impair, as anything which is excellent; make defective, either the body or mind"
77,blight,/bla??t/ v.??,bla??t, v,??,,blast; prevent the growth and fertility of; destroy the happiness of; ruin; frustrate
78,blithe,/bla????/ a. Syn. gay; joyous; heedless,bla????, a, Syn, gay; joyous; heedless,gay; joyous; carefree and lighthearted
79,bombastic,/b??m'b??st??k/ a. Syn. pompous,b??m'b??st??k, a, Syn, pompous,pompous; using inflated language; high-sounding but with little meaning
80,boorish,/'b????r????/ a. Syn. rude; clumsy; illiterate,'b????r????, a, Syn, rude; clumsy; illiterate,rude and clumsy in behavior; ungentlemanly; awkward in manners
81,bucolic,/bju:'k??l??k/ a. Syn. rustic; pastoral,bju:'k??l??k, a, Syn, rustic; pastoral,"rustic; pastoral; agricultural; relating to country affairs, or to shepherd's life and occupation"
82,buffoon,/b??'fu:n/ n.??,b??'fu:n, n,??,,"one who makes a practice of amusing others by low tricks, antic gestures; droll; mimic; clown"
83,bulwark,/'b??lw??k/ n.??,'b??lw??k, n,??,,earthwork or other strong defense; person who defends
84,bumptious,/'b??mp????s/ a.??,'b??mp????s, a,??,,offensively self-assertive; liable to give or take offense; forward; pushing
85,cabal,/k??'b??l/ n.??,k??'b??l, n,??,,small group of persons secretly united to promote their own interests
86,cacophonous,/k??'k??f??n??s/ a. Syn. discordant; inharmonious,k??'k??f??n??s, a, Syn, discordant; inharmonious,discordant; inharmonious; sounding harshly; ill-sounding
87,cadaverous,/k??'d??v??r??s/ a. Syn. pale,k??'d??v??r??s, a, Syn, pale,like corpse; pale; Having appearance or color of dead human body
88,callous,/'k??l??s/ a.??,'k??l??s, a,??,,emotionally hardened; unfeeling
89,candid,/'k??nd??d/ a. Syn. straightforward; frank,'k??nd??d, a, Syn, straightforward; frank,straightforward; frank; free from prejudice; impartial
90,candor,/k??nd??(r)/ n. Syn. frankness,k??nd??(r), n, Syn, frankness,frankness; quality of being honest and straightforward in attitude and speech
91,cantankerous,/k??n't????k??r??s/ a. Syn. irritable,k??n't????k??r??s, a, Syn, irritable,ill humored; irritable; marked by ill-tempered contradiction or opposition; ugly; malicious
92,capricious,/k??'pr??????s/ a. Syn. unpredictable; fickle; arbitrary,k??'pr??????s, a, Syn, unpredictable; fickle; arbitrary,fickle; impulsive and unpredictable; apt to change opinions suddenly
93,captious,/'k??p????s/ a.??,'k??p????s, a,??,,intended to confuse in an argument
94,caricature,/k??r??k??'tj????(r)/ n. Syn. distortion; burlesque,k??r??k??'tj????(r), n, Syn, distortion; burlesque,representation that is deliberately exaggerated to produce a comic effect
95,castigate,/'k??st??ge??t/ v. Syn. punish,'k??st??ge??t, v, Syn, punish,criticize severely; punish; revise or make corrections to publication
96,celestial,/s??'l??st????l/;/s??'lZst??l/ a. Syn. heavenly,s??'l??st????l, a, Syn, heavenly,relating to the sky or the heavens; supremely good; god or angel
97,chauvinist,/'??o??v??n??st/ n.??,'??o??v??n??st, n,??,,person with prejudiced belief in superiority of own kind
98,chicanery,/????'ke??n??r??/ n. Syn. trickery; deception,????'ke??n??r??, n, Syn, trickery; deception,mean or unfair artifice to obscure truth; deception by trickery or sophistry
99,chronic,/'kr??n??k/ a.??,'kr??n??k, a,??,,"lasting for long period; marked by frequent recurrence, as certain diseases"
100,circumspect,/'s??rk??msp??kt/ a. Syn. prudent; cautious,'s??rk??msp??kt, a, Syn, prudent; cautious,carefully aware of all circumstances; cautious
101,circumvent,/s??rk??m'v??nt/ v. Syn. outwit,s??rk??m'v??nt, v, Syn, outwit,surround; enclose or entrapoutwit; beat through cleverness and wit
102,civil,/'s??v(??)l/ a. Syn. civic,'s??v(??)l, a, Syn, civic,having to do with citizens or the state; courteous and polite
103,clamorous,/'kl??m??r??s/ a.??,'kl??m??r??s, a,??,,speaking and repeating loud words; full of clamor; calling or demanding loudly or urgently; vociferous; noisy; bawling; loud
104,clandestine,/kl??n'd??st??n/ a. Syn. secret,kl??n'd??st??n, a, Syn, secret,secret; conducted with or marked by hidden aims or methods
105,coalesce,/ko????'l??s/ v. Syn. combine; fuse; mix,ko????'l??s, v, Syn, combine; fuse; mix,combine; fuse; grow together; come together so as to form one whole; unite
106,coalition,/ko????'l????(??)n/ n. Syn. partnership; league; union,ko????'l????(??)n, n, Syn, partnership; league; union,partnership; league; state of being combined into one body
107,coercion,/ko??'??rf??n/ n.??,ko??'??rf??n, n,??,,use of force to get someone to obey
108,cogent,/'ko??d????nt/ a. Syn. convincing,'ko??d????nt, a, Syn, convincing,reasonable and convincing; based on evidence; forcefully persuasive
109,collusion,/k??'lu:??(??)n/ n.??,k??'lu:??(??)n, n,??,,secret agreement for an illegal purpose; conspiracy
110,commodious,/k??'mo??d????s/ a.??,k??'mo??d????s, a,??,,spacious and comfortable; fit; proper; convenient
111,compatible,/k??m'p??t??b(??)l/ a. Syn. harmonious,k??m'p??t??b(??)l, a, Syn, harmonious,harmonious; having similar disposition and tastes
112,compensation,/k??mp??n'se????(??)n/ n.??,k??mp??n'se????(??)n, n,??,,something given or received as payment as for a service or loss or injury
113,compunction,/k??m'p????k??(??)n/ n.??,k??m'p????k??(??)n, n,??,,feeling of deep regret; strong uneasiness caused by a sense of guilt
114,concede,/k??n'si:d/ v. Syn. admit; yield,k??n'si:d, v, Syn, admit; yield,admit; yield; give up physical control of another
115,condole,/k??n'do??l/ v. Syn. grieve,k??n'do??l, v, Syn, grieve,"grieve; express sympathy; speak sympathetically to one in pain, grief, or misfortune"
116,condolence,/k??n'do??l??ns/ n.??,k??n'do??l??ns, n,??,,expression of sympathy with another in sorrow or grief.
117,confederate,/k??n'f??d??r??t/ n. Syn. ally; collaborator,k??n'f??d??r??t, n, Syn, ally; collaborator,ally; form a group or unite??
118,congenial,/k??n'd??i:n????l/ a. Syn. compatible,k??n'd??i:n????l, a, Syn, compatible,compatible
119,conjecture,/k??n'd????kt????(r)/ v.??,k??n'd????kt????(r), v,??,,believe especially on uncertain or tentative grounds
120,consensus,/k??n's??ns??s/ n. Syn. Agreement; accord,k??n's??ns??s, n, Syn, Agreement; accord,general agreement or accord; opinion reached by a group as a whole
121,consternation,/k??nst??'ne????(??)n/ n. Syn. dismay; shock; fear,k??nst??'ne????(??)n, n, Syn, dismay; shock; fear,intense state of fear or dismay; astonishment combined with terror
122,construction,/k??n'str??k??(??)n/ n.??,k??n'str??k??(??)n, n,??,,act of constructing or building something??
123,consummate,/'k??ns??me??t/ a.??,'k??ns??me??t, a,??,,carried to the utmost extent or degree; of the highest quality; complete; perfect
124,contemptuous,/k??n't??mptj????s/ a. Syn. scornful,k??n't??mptj????s, a, Syn, scornful,scornful; expressing contempt; showing a lack of respect
125,convivial,/k??n'v??v????l/ a. Syn. festive,k??n'v??v????l, a, Syn, festive,festive; occupied with or fond of the pleasures of good company
126,copious,/'ko??p????s/ a. Syn. plentiful,'ko??p????s, a, Syn, plentiful,plentiful; containing plenty; affording ample supply
127,corpulent,/'k??:pj??l??nt/ a. Syn. fat,'k??:pj??l??nt, a, Syn, fat,very fat; large in body; overweight
128,cosmopolitan,/k??zm??'p??l??t(??)n/ a. Syn. sophisticated,k??zm??'p??l??t(??)n, a, Syn, sophisticated,sophisticated; of worldwide scope
129,coterie,/'ko??t??r??/ n.??,'ko??t??r??, n,??,,group that meets socially; an exclusive circle of people with common purpose
130,countenance,/'ka??nt??n??ns/ v. Syn. approve; tolerate,'ka??nt??n??ns, v, Syn, approve; tolerate,give sanction or support to; tolerate or approve
131,credence,/'kri:d??ns/ n. Syn. credit; faith,'kri:d??ns, n, Syn, credit; faith,credit; faith
132,credible,/'kr??d??b(??)l/ a.??,'kr??d??b(??)l, a,??,,capable of being credited or believed; worthy of belief; entitled to confidence; trustworthy
133,credulous,/'kr??dj??l??s/;/'kr??d????l??s/ a.??,kr??dj??l??s; 'kr??d????l??s,a,,,apt to believe on slight evidence; easily imposed upon; unsuspecting; believed too readily
134,cringe,/kr??nd??/ v.??,kr??nd??, v,??,,"shrink or recoil, as in fear, disgust or embarrassment; bend or crouch with base humility"
135,crucial,/'kru:??(??)l/ a.??,'kru:??(??)l, a,??,,of extreme importance; vital to the resolution of a crisis; of the greatest importance
136,cryptic,/'kr??pt??k/ a.??,'kr??pt??k, a,??,,having hidden meaning; mystifying; using code or cipher
137,curb,/k??rb/ v.??,k??rb, v,??,,"bend or curve; guide and manage, or restrain"
138,cursory,/'k??rs??r??/ a. Syn. casual,'k??rs??r??, a, Syn, casual,"casual; brief or broad; not cautious, nor detailed"
139,curt,/k??rt/ a.??,k??rt, a,??,,"having been shortened; effectively cut short; rudely brief or abrupt, as in speech or manner"
140,cynical,/'s??n??k(??)l/ a.??,'s??n??k(??)l, a,??,,skeptical of motives of others; selfishly calculating; negative or pessimistic
141,dearth,/d??r??/ n. Syn. scarcity,d??r??, n, Syn, scarcity,scarcity; shortage of food; famine from failure or loss of crops
142,deference,/'d??f??r??ns/ n. Syn. respect,'d??f??r??ns, n, Syn, respect,willingness to carry out the wishes of others; great respect
143,deity,/'di:??t??/ n. Syn. god; divinity,'di:??t??, n, Syn, god; divinity,god; divinity; supernatural things
144,delectable,/d??'l??kt??b(??)l/ a. Syn. delightful; delicious,d??'l??kt??b(??)l, a, Syn, delightful; delicious,delightful; delicious; extremely pleasing to the sense of taste
145,delete,/d??'li:t/ v. Syn. erase,d??'li:t, v, Syn, erase,erase; strike out; remove or make invisible
146,delineate,/d??'l??n??e??t/ v. Syn. portray; depict; sketch,d??'l??n??e??t, v, Syn, portray; depict; sketch,portray; depict; draw or trace outline of; sketch out
147,delinquent,/d??'l????kw??nt/ a.??,d??'l????kw??nt, a,??,,failing in duty; offending by neglect of duty.
148,deluge,/'d??lju:d??/ n. Syn. flood; rush,'d??lju:d??, n, Syn, flood; rush,great flood; heavy downpour; any overflowing of water
149,demagogue,/'d??m??g??g/ n.??,'d??m??g??g, n,??,,person who appeals to people's prejudice; false leader of people
150,demeanor,/d??'mi:n??(r)/ n. Syn. behavior,d??'mi:n??(r), n, Syn, behavior,conduct; management; way in which a person behaves
151,demure,/d??'mj????(r)/ a. Syn. grave; serious,d??'mj????(r), a, Syn, grave; serious,modest and reserved in manner or behavior
152,denounce,/d??'na??ns/ v. Syn. condemn; criticize; announce,d??'na??ns, v, Syn, condemn; criticize; announce,condemn openly; criticize; make known in formal manner
153,deplete,/d??'pli:t/ v. Syn. reduce; exhaust,d??'pli:t, v, Syn, reduce; exhaust,decrease fullness of; use up or empty out
154,deprecate,/'d??pr??ke??t/ v. Syn. belittle,'d??pr??ke??t, v, Syn, belittle,express disapproval of; protest against; belittle
155,depreciate,/d??'pri:????e??t/ v.??,d??'pri:????e??t, v,??,,lessen price or value of; think or speak of as being of little worth; belittle
156,devastation,/d??v??s'te??????n/ n.??,d??v??s'te??????n, n,??,,an event that results in total destruction; the state of being decayed or destroyed
157,devious,/'di:v????s/ a.??,'di:v????s, a,??,,departing from correct or accepted way; misleading; not straightforward
158,devoid,/d??'v????d/ a. Syn. barren; empty,d??'v????d, a, Syn, barren; empty,completely lacking; barren or empty
159,devout,/d??'va??t/ a. Syn. pious,d??'va??t, a, Syn, pious,expressing devotion or piety; earnest in religious field
160,dilemma,/da??'l??m??/ n. Syn. predicament,da??'l??m??, n, Syn, predicament,predicament; state of uncertainty or between equally unfavorable options
161,disconcert,/d??sk??n's??rt/ v. Syn. confuse; upset; embarrass,d??sk??n's??rt, v, Syn, confuse; upset; embarrass,confuse; frustrate by throwing into disorder; embarrass
162,disconsolate,/d??s'k??ns??l??t/ a. Syn. sad,d??s'k??ns??l??t, a, Syn, sad,sad; cheerless; gloomy; hopeless or not expecting
163,discourse,/'d??sk??:s/ n. Syn. conversation,'d??sk??:s, n, Syn, conversation,"formal, lengthy discussion of a subject; verbal exchange; conversation"
164,discrete,/d??'skri:t/ a. Syn. separate; distinct,d??'skri:t, a, Syn, separate; distinct,separate; consisting of unconnected distinct parts
165,discursive,/d??'sk??rs??v/ a.??,d??'sk??rs??v, a,??,,tending to depart from main point or cover a wide range of subjects
166,disparate,/'d??sp??r??t/ a. Syn. unrelated,'d??sp??r??t, a, Syn, unrelated,fundamentally distinct or different in kind; entirely dissimilar
167,disparity,/d??'sp??r??t??/ n. Syn. difference,d??'sp??r??t??, n, Syn, difference,"difference; condition or fact of being unequal, as in age, rank, or degree"
168,dispassionate,/d??'sp????(??)n??t/ a. Syn. calm; impartial,d??'sp????(??)n??t, a, Syn, calm; impartial,calm; impartial; unaffected by strong emotion or prejudice
169,dispatch,/d??'sp??t??/ n. Syn. expedition; sending off,d??'sp??t??, n, Syn, expedition; sending off,act of sending off something; property of being prompt and efficient; message usually sent in haste
170,dispel,/d??'sp??l/ v. Syn. scatter,d??'sp??l, v, Syn, scatter,scatter; drive away; cause to vanish
171,dissent,/d??'s??nt/ v. Syn. disagree,d??'s??nt, v, Syn, disagree,differ in opinion or feeling; withhold assent or approval
172,dissolute,/'d??s??lu:t/ a.??,'d??s??lu:t, a,??,,lacking moral restraint; indulging in sensual pleasures or vices
173,distraught,/d??'str??:t/ a. Syn. upset,d??'str??:t, a, Syn, upset,"deeply agitated, as from emotional conflict; mad; insane"
174,diverse,/da??'v??rs/ a. Syn. various,da??'v??rs, a, Syn, various,differing in some characteristics; various
175,diversify,/da??'v??rs??fa??/ v. Syn. vary,da??'v??rs??fa??, v, Syn, vary,give variety to; spread out activities or investments
176,divulge,/da??'v??ld??/ v. Syn. reveal,da??'v??ld??, v, Syn, reveal,reveal; make known to public
177,dogmatic,/d??g'm??t??k/;/d??:gm??t??k/ a. Syn. opinionated; doctrinal,d??g'm??t??k; d??:gm??t??k, a, Syn, opinionated; doctrinal,"stubbornly adhering to insufficiently proven beliefs; inflexible, rigid"
178,dynamic,/da??'n??m??k/ a. Syn. energetic,da??'n??m??k, a, Syn, energetic,energetic; vigorously active
179,ecclesiastic,/??kli:z??'??st??k/ a.??,??kli:z??'??st??k, a,??,,"pertaining to church, specifically, to ministry or administration of church"
180,edict,/'i:d??kt/ n.??,'i:d??kt, n,??,,"decree ,especially issued by a sovereign; official command"
181,edify,/'??d??fa??/ v. Syn. instruct,'??d??fa??, v, Syn, instruct,"instruct or correct, especially so as to encourage intellectual, moral, or spiritual improvement"
182,egregious,/??'gri:d????s/ a. Syn. notorious,??'gri:d????s, a, Syn, notorious,notorious; conspicuously bad or shocking
183,elicit,/??'l??s??t/ v. Syn. provoke,??'l??s??t, v, Syn, provoke,draw out; bring forth or to light; generate or provoke as response or answer
184,elucidate,/??'lu:s??de??t/ v. Syn. explain; enlighten,??'lu:s??de??t, v, Syn, explain; enlighten,"make clear or plain, especially by explanation; clarify"
185,emissary,/'??m??s??r??/ n. Syn. agent; messenger,'??m??s??r??, n, Syn, agent; messenger,agent sent on a mission to represent or advance the interests of another
186,engender,/??n'd????nd??(r)/ v. Syn. cause; produce,??n'd????nd??(r), v, Syn, cause; produce,cause; bring into existence; give rise to
187,ennui,/??n'wi:/ n.??,??n'wi:, n,??,,feeling of being bored by something tedious
188,ensue,/??n'sju:/;/??n'su:/ v. Syn. follow,??n'sju:; ??n'su:, v, Syn, Follow,pursue; follow or come afterward; follow as a consequence
189,entreat,/??n'tri:t/ v. Syn. plead,??n'tri:t, v, Syn, plead,plead; make earnest request of; ask for earnestly
190,ephemeral,/??'f??m??r??l/ a.??,??'f??m??r??l, a,??,,short-lived; enduring a very short time
191,epitaph,/'??p??t??rf/ n.??,'??p??t??rf, n,??,,inscription on tombstone in memory
192,epithet,/'??p??????t/ n.??,'??p??????t, n,??,,word or phrase characteristically used to describe a person or thing
193,equable,/'??kw??b(??)l/ a. Syn. tranquil; uniform,'??kw??b(??)l, a, Syn, tranquil; uniform,tranquil; not varying; uniform; not easily disturbed
194,equanimity,/i:kw??'n??m??t??/ n.??,i:kw??'n??m??t??, n,??,,calmness of temperament; steadiness of mind under stress.
195,erratic,/??'r??t??k/ a. Syn. odd; unpredictable,??'r??t??k, a, Syn, odd; unpredictable,no fixed or regular course; wandering
196,erudite,/'??ru:da??t/ a. Syn. learned; scholarly,'??ru:da??t, a, Syn, learned; scholarly,"learned; scholarly, with emphasis on knowledge gained from books"
197,esoteric,/i:so??'t??r??k/ a. Syn. mysterious,i:so??'t??r??k, a, Syn, mysterious,hard to understand; known only in a particular group
198,exceptionable,/??k's??p??(??)n??b(??)l/ a.??,??k's??p??(??)n??b(??)l, a,??,,open or liable to objection or debate; liable to cause disapproval
199,exculpate,/'??ksk??lpe??t/ v.??,'??ksk??lpe??t, v,??,,pronounce not guilty of criminal charges
200,exemplary,/??g'z??mpl??r??/ a. Syn. modeled; ideal,??g'z??mpl??r??, a, Syn, modeled; ideal,serving as model; outstanding; typical
201,exodus,/'??ks??d??s/ n. Syn. departure,'??ks??d??s, n, Syn, departure,departure of a large number of people
202,exotic,/??g'z??t??k/ a. Syn. strange,??g'z??t??k, a, Syn, strange,from another part of the world; foreign; strikingly strange or unusual
203,expatriate,/??ks'p??tr????t/ n. Syn. exile,??ks'p??tr????t, n, Syn, exile,someone who has withdrawn from his native land
204,expedient,/??k'spi:d????nt/ a. Syn. suitable,??k'spi:d????nt, a, Syn, suitable,suitable; appropriate to a purpose; serving to promote your interest
205,exploit,/??k'spl????t/ v.??,??k'spl????t, v,??,,"make use of, sometimes unjustly"
206,exposition,/??ksp??'z????(??)n/ n.??,??ksp??'z????(??)n, n,??,,exhibition; part of a play that provides the background information; opening section of a fugue
207,expound,/??k'spa??nd/ v.??,??k'spa??nd, v,??,,explain or describe in detail
208,expurgate,/'??ksp??ge??t/ v. Syn. clean,'??ksp??ge??t, v, Syn, clean,clean; remove offensive parts of book
209,extinct,/??k'st????kt/ a. Syn. nonexistent; vanished; dead,??k'st????kt, a, Syn, nonexistent; vanished; dead,no longer existing or living; vanished; dead
210,extirpate,/'??kst??pe??t/ v.??,'??kst??pe??t, v,??,,"root out; eradicate, literally or figuratively; destroy wholly"
211,extraneous,/??ks'tre??n????s/ a.??,??ks'tre??n????s, a,??,,not essential; coming from outside
212,facade,/f??'s??rd/ n. Syn. face; appearance,f??'s??rd, n, Syn, face; appearance,front of building; superficial or false appearance
213,facetious,/f??'si:????s/ a. Syn. humorous,f??'si:????s, a, Syn, humorous,"joking ,often inappropriately; humorous"
214,fallacious,/f??'le??????s/ a. Syn. false; deceptive,f??'le??????s, a, Syn, false; deceptive,false; tending to mislead; deceptive
215,fallacy,/'f??l??s??/ n.??,'f??l??s??, n,??,,deceptive or false appearance; false notion; deception
216,fallible,/'f??l??b(??)l/ a.??,'f??l??b(??)l, a,??,,likely to fail or be inaccurate
217,fathom,/'f????(??)m/ v.??,'f????(??)m, v,??,,measure the depth; come to understand
218,fatuous,/'f??tj????s/ a. Syn. foolish,'f??tj????s, a, Syn, foolish,"foolish or silly, especially in self-satisfied way"
219,feasible,/'fi:z??b(??)l/ a. Syn. practical; possible; suitable,'fi:z??b(??)l, a, Syn, practical; possible; suitable,capable of being accomplished or brought about
220,feign,/fe??n/ v. Syn. pretend; disguise; conceal,fe??n, v, Syn, pretend; disguise; conceal,make false appearance of; disguise; conceal; invent or imagine
221,feint,/fe??nt/ n. Syn. trick,fe??nt, n, Syn, trick,trick; any distracting or deceptive maneuver
222,felicitous,/f??'l??s??t??s/ a. Syn. apt,f??'l??s??t??s, a, Syn, apt,apt; suitably expressed; well chosen
223,felicity,/f??'l??s??t??/ n. Syn. happiness,f??'l??s??t??, n, Syn, happiness,great happiness; pleasing and appropriate manner or style
224,fervid,/'f??rv??d/ a.??,'f??rv??d, a,??,,extremely hot; eager; impassioned; burning
225,fetish,/'f??t????/ n.??,'f??t????, n,??,,a charm superstitiously believed to embody magical powers; excessive or irrational devotion to some activity
226,fiasco,/f??'??sko??/ n.??,f??'??sko??, n,??,,complete failure; sudden and violent collapse
227,fictitious,/f??k't??????s/ a. Syn. imaginary,f??k't??????s, a, Syn, imaginary,existing only in imagination; feigned; not true or real
228,flaccid,/'fl??s??d/ a.??,'fl??s??d, a,??,,"acting in strength, firmness, or resilience"
229,flagrant,/'fle??gr??nt/ a.??,'fle??gr??nt, a,??,,"obvious and offensive, blatant, scandalous; flaming into notice"
230,flamboyant,/fl??m'b??????nt/ a. Syn. showy; ostentatious,fl??m'b??????nt, a, Syn, showy; ostentatious,elaborately or excessively ornamented
231,flaunt,/fl??:nt/ v.??,fl??:nt, v,??,,display proudly or shamelessly; show oneself off
232,fleeting,/'fli:t????/ a. Syn. ephemeral,'fli:t????, a, Syn, ephemeral,transient; brief; temporary; passing quickly
233,fluctuate,/'fl??ktj??e??t/ v. Syn. waver; shift,'fl??ktj??e??t, v, Syn, waver; shift,rise and fall in or as if in waves; shift; vary irregularly
234,forbearance,/f??:'b????r??ns/ n. Syn. patience,f??:'b????r??ns, n, Syn, patience,patience; restraint of passions; act of forbearing or waiting
235,forensic,/f??'r??nz??k/;/f??'r??nz??k/ a.??,f??'r??nz??k; f??'r??nz??k, a,??,,relating to use of technology in investigation and establishment of facts or evidence in court by law
236,fortuitous,/f??:'tju:??t??s/;/-'tu:-/ a. Syn. accidental; random,f??:'tju:??t??s; -'tu:-, a, Syn, accidental; random,accidental; by chance; coming or occurring without any cause
237,fracas,/'fr??k??r/ n. Syn. disturbance,'fr??k??r, n, Syn, disturbance,"noisy, disorderly fight or quarrel; disturbance"
238,frustrate,/fr??'stre??t/;/'fr??str??t/ v. Syn. thwart; defeat,fr??'stre??t; 'fr??str??t, v, Syn, thwart; defeat,make null; bring to nothing; prevent from taking effect or attaining fulfillment
239,fulsome,/'f??ls??m/ a.??,'f??ls??m, a,??,,offensively flattering or insincere; offensive; disgusting
240,garnish,/'g??rn????/ v. Syn. decorate,'g??rn????, v, Syn, decorate,decorate with ornamental appendages
241,genealogy,/d??i:n??'??l??d????/ n. Syn. lineage,d??i:n??'??l??d????, n, Syn, lineage,account or history of descent of person or family from ancestor; lineage
242,genesis,/'d????n??s??s/ n. Syn. origin,'d????n??s??s, n, Syn, origin,coming into being of something; origin
243,ghastly,/'g??rstl??/;/'g??stl??/ a. Syn. horrible,g??rstl??; 'g??stl??, a, Syn, Horrible,horrible; inspiring shock; extremely unpleasant or bad
244,gibe,/d??a??b/ v. Syn. mock,d??a??b, v, Syn, mock,mock; laugh at with contempt and derision
245,glib,/gl??b/ a. Syn. fluent,gl??b, a, Syn, fluent,performed with a natural or offhand ease
246,glut,/gl??t/ v. Syn. overstock,gl??t, v, Syn, overstock,"fill beyond capacity, especially with food; swallow greedlly"
247,glutton,/'gl??t(??)n/ n.??,'gl??t(??)n, n,??,,person who eats too much food and drink
248,gossamer,/'g??s??m??(r)/ a.??,'g??s??m??(r), a,??,,"sheer, light, delicate, or tenuous"
249,gregarious,/gr??'g????r????s/ a. Syn. sociable,gr??'g????r????s, a, Syn, sociable,sociable; seeking and enjoying the company of others
250,grimace,/gr??'me??s/;/'gr??m??s/ n.??,gr??'me??s; 'gr??m??s, n,??,,"facial distortion to show feeling such as pain, disgust"
251,hail,/he??l/ n.??,he??l, n,??,,call for; salute; greet; praise vociferously
252,harangue,/h??'r????/ n.??,h??'r????, n,??,,noisy speech; speech or piece of writing with strong feeling or expression
253,harbinger,/'h??rb??nd????(r)/ n. Syn. forerunner,'h??rb??nd????(r), n, Syn, forerunner,forerunner; an indication of approach of something or someone
254,haughty,/'h??:t??/ a.??,'h??:t??, a,??,,high; lofty; bold; arrogant; overbearing
255,heedless,/'hi:dl??s/ a. Syn. disregarding,'hi:dl??s, a, Syn, disregarding,"unaware, without noticing; unmindful or thoughtless"
256,heinous,/'he??n??s/ a. Syn. wicked; atrocious; flagitious,'he??n??s, a, Syn, wicked; atrocious; flagitious,grossly wicked; abominable; hateful; infamous
257,heresy,/'h??r??s??/ n.??,'h??r??s??, n,??,,opinion contrary to popular belief; opinion contrary to accepted religion
258,hiatus,/ha??'e??t??s/ n. Syn. gap; pause,ha??'e??t??s, n, Syn, gap; pause,gap; interruption in duration or continuity; pause
259,histrionic,/h??str??'??n??k/ a.??,h??str??'??n??k, a,??,,characteristic of acting or stage performance
260,hoax,/ho??ks/ n. Syn. trick,ho??ks, n, Syn, trick,act intended to deceive or trick; practical joke
261,hyperbole,/ha??'p??rb??l??/ n. Syn. exaggeration; overstatement,ha??'p??rb??l??, n, Syn, exaggeration; overstatement,figure of speech in which exaggeration is used for emphasis; overstatement
262,idiosyncrasy,/??d????'s????kr??s??/ n.??,??d????'s????kr??s??, n,??,,behavioral attribute that is distinctive and peculiar to an individual
263,ignominy,/'??gn??m??n??/ n.??,'??gn??m??n??, n,??,,deep disgrace; shame or dishonor
264,immaculate,/??'m??kj??l??t/ a. Syn. spotless; flawless,??'m??kj??l??t, a, Syn, spotless; flawless,spotless; flawless; absolutely clean
265,imminent,/'??m??n??nt/ a. Syn. impending,'??m??n??nt, a, Syn, impending,near at hand; close in time; about to occur
266,immune,/??'mju:n/ a. Syn. exempt; resistant,??'mju:n, a, Syn, exempt; resistant,resistant to; free or exempt from; not subject to
267,impale,/??m'pe??l/ v. Syn. pierce,??m'pe??l, v, Syn, pierce,pierce; kill by piercing with a spear or sharp
268,impeach,/??m'pi:t??/ v. Syn. indict; hinder,??m'pi:t??, v, Syn, indict; hinder,charge with crime; challenge or discredit the credibility of
269,impeccable,/??m'p??k??b(??)l/ a. Syn. faultless; perfect,??m'p??k??b(??)l, a, Syn, faultless; perfect,faultless; incapable of sin or wrongdoing
270,impervious,/??m'p??rv????s/ a. Syn. impenetrable,??m'p??rv????s, a, Syn, impenetrable,impenetrable; incapable of being damaged or distressed
271,implacable,/??m'pl??k??b(??)l/ a.??,??m'pl??k??b(??)l, a,??,,incapable of being pacified; not to be relieved;
272,implicit,/??m'pl??s??t/ a. Syn. implied; suggested,??m'pl??s??t, a, Syn, implied; suggested,implied or understood though not directly expressed
273,import,/??m'p??:t/ v.??,??m'p??:t, v,??,,bring in from another country
274,impostor,/??m'p??st??(r)/ n.??,??m'p??st??(r), n,??,,someone who assumes a false identity
275,imprecation,/??mpr??'ke????(??)n/ n. Syn. curse,??mpr??'ke????(??)n, n, Syn, curse,curse; act of calling down a curse that invokes evil
276,impregnable,/??m'pr??gn??b(??)l/ a. Syn. invulnerable,??m'pr??gn??b(??)l, a, Syn, invulnerable,invulnerable; able to withstand attack
277,impropriety,/??mpr??'pra????t??/ n. Syn. improperness,??mpr??'pra????t??, n, Syn, improperness,improper act; improper or unacceptable usage in speech or writing
278,improvident,/??m'pr??v??d??nt/ a. Syn. thriftless,??m'pr??v??d??nt, a, Syn, thriftless,thriftless; not providing for future; incautious
279,impugn,/??m'pju:n/ v. Syn. challenge,??m'pju:n, v, Syn, challenge,"dispute or contradict, often in insulting way; challenge"
280,incarcerate,/??n'k??rs??re??t/ v. Syn. imprison,??n'k??rs??re??t, v, Syn, imprison,imprison; put into jail; shut up or inclose
281,incisive,/??n'sa??s??v/ a. Syn. cutting; sharp,??n'sa??s??v, a, Syn, cutting; sharp,"penetrating, clear, and sharp, as in operation or expression"
282,incognito,/??nk??g'ni:to??/;/??n'k??gn??to??/ a.??,??nk??g'ni:to??; ??n'k??gn??to??, a,??,,"with one's identity disguised or concealed; in disguise; in an assumed character, or under an assumed title"
283,incontrovertible,/??nk??ntr??'v??rt??b(??)l/ a. Syn. indisputable,??nk??ntr??'v??rt??b(??)l, a, Syn, indisputable,indisputable; not open to question
284,increment,/'??nkr??m??nt/ n. Syn. increase,'??nkr??m??nt, n, Syn, increase,"process of increasing in number, size, quantity, or extent"
285,incumbent,/??n'k??mb??nt/ a. Syn. obligatory,??n'k??mb??nt, a, Syn, obligatory,imposed as an obligation or duty; currently holding an office
286,indefatigable,/??nd??'f??t??g??b(??)l/ a. Syn. tireless,??nd??'f??t??g??b(??)l, a, Syn, tireless,tireless; showing sustained enthusiastic action
287,indigenous,/??n'd??d????n??s/ a. Syn. native; original,??n'd??d????n??s, a, Syn, native; original,native; originating where it is found
288,indomitable,/??n'd??m??t??b(??)l/ a. Syn. unconquerable; invincible,??n'd??m??t??b(??)l, a, Syn, unconquerable; invincible,unconquerable; incapable of being overcome
289,inference,/'??nf??r??ns/ n.??,'??nf??r??ns, n,??,,inferring by deduction or induction; truth or proposition drawn from another which is admitted or supposed to be true; conclusion; deduction
290,ingenious,/??n'd??i:n????s/ a. Syn. clever; resourceful,??n'd??i:n????s, a, Syn, clever; resourceful,clever; having inventive or cunning mind
291,ingenuous,/??n'd????nj????s/ a. Syn. young; unsophisticated,??n'd????nj????s, a, Syn, young; unsophisticated,naive and trusting; young; unsophisticated
292,ingratiate,/??n'gre??????e??t/ v.??,??n'gre??????e??t, v,??,,become popular with; make agreeable or acceptable
293,inhibit,/??n'h??b??t/ v. Syn. restrain; prevent,??n'h??b??t, v, Syn, restrain; prevent,restrain; prevent or forbid; hold back
294,innocuous,/??'n??kj????s/ a. Syn. harmless,??'n??kj????s, a, Syn, harmless,having no adverse effect; harmless
295,innuendo,/??nju:'??ndo??/ n. Syn. hint; implication,??nju:'??ndo??, n, Syn, hint; implication,"hint; indirect implication , usually malicious"
296,inordinate,/??'n??:d??n??t/ a. Syn. unrestrained; excessive,??'n??:d??n??t, a, Syn, unrestrained; excessive,exceeding reasonable limits; excessive; not regulated; disorderly
297,insatiable,/??n'se??????b(??)l/ a. Syn. unquenchable; greedy,??n'se??????b(??)l, a, Syn, unquenchable; greedy,not easily satisfied; impossible to satiate or satisfy; greedy
298,inscrutable,/??n'skru:t??b(??)l/ a. Syn. impenetrable; mysterious,??n'skru:t??b(??)l, a, Syn, impenetrable; mysterious,impenetrable; not readily understood; mysterious
299,insidious,/??n's??d????s/ a. Syn. treacherous; stealthy; sly,??n's??d????s, a, Syn, treacherous; stealthy; sly,spreading harmfully in a subtle manner; designed or adapted to entrap
300,instigate,/'??nst??ge??t/ v. Syn. urge; incite; provoke,'??nst??ge??t, v, Syn, urge; incite; provoke,goad or urge forward; provoke; incite
301,integrity,/??n't??gr??t??/ n. Syn. uprightness; wholeness,??n't??gr??t??, n, Syn, uprightness; wholeness,quality or condition of being whole or undivided; completeness
302,invective,/??n'v??kt??v/ n. Syn. abuse,??n'v??kt??v, n, Syn, abuse,abusive language used to express blame or ill will
303,irascible,/??'r??s??b(??)l/ a. Syn. irritable,??'r??s??b(??)l, a, Syn, irritable,irritable; easily angered; excited by or arising from anger
304,ire,/'a????(r)/ n. Syn. anger; irritate,'a????(r), n, Syn, anger; irritate,anger; wrath; keen resentment; irritate
305,irksome,/'??rks??m/ a. Syn. annoying; tedious,'??rks??m, a, Syn, annoying; tedious,"causing annoyance, weariness, or vexation; tedious"
306,itinerant,/a??'t??n??r??nt/ a. Syn. wandering; traveling,a??'t??n??r??nt, a, Syn, wandering; traveling,"wandering; traveling place to place, especially to perform work or duty"
307,jargon,/'d????rg??n/ n. Syn. gibberish,'d????rg??n, n, Syn, gibberish,language used by a special group; technical terminology; nonsensical or meaningless talk
308,jaunty,/'d????:nt??/ a. Syn. lighthearted; animated,'d????:nt??, a, Syn, lighthearted; animated,"gay in manner, appearance, or action; easy and carefree"
309,jeopardy,/'d????p??d??/ n.??,'d????p??d??, n,??,,"exposure to death, loss, or injury; hazard; risk of loss or injury"
310,jettison,/'d????t??s(??)n/ v.??,'d????t??s(??)n, v,??,,"throw overboard; eject from boat, submarine, aircraft, or spaceship"
311,judicious,/d??u:'d??????s/ a. Syn. wise; prudent,d??u:'d??????s, a, Syn, wise; prudent,exhibiting good judgment or sound thinking; prudent
312,ken,/k??n/ n. Syn. understanding; knowledge; scope,k??n, n, Syn, understanding; knowledge; scope,understanding; knowledge; range of vision
313,labyrinth,/'l??b??r??n??/ n. Syn. maze,'l??b??r??n??, n, Syn, maze,maze; complex structure of interconnecting passages
314,lachrymose,/'l??kr??mo??s/ a.??,'l??kr??mo??s, a,??,,weeping or inclined to weep; tearful; showing sorrow
315,laconic,/l??'k??n??k/ a. Syn. concise,l??'k??n??k, a, Syn, concise,brief; effectively cut short; marked by use of few words
316,larceny,/'l??rs??n??/ n. Syn. theft,'l??rs??n??, n, Syn, theft,unlawful taking and removing of another's personal property; theft
317,latent,/'le??t??nt/ a. Syn. dormant; hidden,'le??t??nt, a, Syn, dormant; hidden,present or potential but not evident or active; dormant; hidden
318,lavish,/'l??v????/ a. Syn. liberal; profuse,'l??v????, a, Syn, liberal; profuse,liberal; wasteful; excessive spending
319,lethal,/'li:??(??)l/ a. Syn. deadly; fatal,'li:??(??)l, a, Syn, deadly; fatal,deadly; causing or capable of causing death
320,longevity,/l??n'd????v??t??/ n.??,l??n'd????v??t??, n,??,,"long life; great duration of life; long duration or continuance, as in an occupation"
321,low,/lo??/ v. Syn. moo,lo??, v, Syn, moo,utter sound made by cattle; make a low noise
322,lucid,/'lu:s??d/ a. Syn. clear; intelligible,'lu:s??d, a, Syn, clear; intelligible,easily understood; clear; intelligible
323,ludicrous,/'lu:d??kr??s/ a. Syn. laughable; trifling,'lu:d??kr??s, a, Syn, laughable; trifling,laughable; completely devoid of wisdom or good sense
324,luminary,/'lu:m??n??r??/;/'lum??n??r??/ n. Syn. celebrity; dignitary,lu:m??n??r??; 'lum??n??r??, n, Syn, celebrity; dignitary,celebrity; person who is an inspiration to others; person who has achieved eminence in specific field
325,malice,/'m??l??s/ n.??,'m??l??s, n,??,,enmity of heart; malevolence; ill will; spirit delighting in harm or misfortune to another
326,malicious,/m??'l??????s/ a. Syn. spiteful,m??'l??????s, a, Syn, spiteful,deliberately harmful; spiteful; proceeding from extreme hatred
327,masquerade,/m??sk??'re??d/;/m??sk??'r??d/ n.??,m??sk??'re??d; m??sk??'r??d, n,??,,"assembly of persons wearing masks, and amusing themselves with dancing, conversation, or other diversions; dramatic performance by actors in masks"
328,maudlin,/'m??:dl??n/ a. Syn. sentimental,'m??:dl??n, a, Syn, sentimental,tearfully sentimental; over-emotional; sickly-sentimental
329,meander,/m??'??nd??(r)/ v.??,m??'??nd??(r), v,??,,follow a winding and turning course; move aimlessly and idly without fixed direction
330,mediocre,/mi:d??'o??k??(r)/ a. Syn. ordinary; commonplace; average,mi:d??'o??k??(r), a, Syn, ordinary; commonplace; average,moderate to inferior in quality; ordinary; commonplace
331,mercenary,/'m??rs??n??r??/;/-n??r??/ a.??,m??rs??n??r??; =-n??r??, a,??,,interested in making money; profit oriented; hired for service in foreign army
332,meretricious,/m??r??'tr??????s/ a.??,m??r??'tr??????s, a,??,,of or pertaining to prostitutes; tastelessly showy; lustful; deceptive; misleading
333,meticulous,/m??'t??kj??l??s/ a. Syn. scrupulous; cautious,m??'t??kj??l??s, a, Syn, scrupulous; cautious,excessively careful; marked by extreme care in treatment of details
334,mettle,/'m??t(??)l/ n. Syn. courage; spirit,'m??t(??)l, n, Syn, courage; spirit,quality of endurance and courage; good temperament and character
335,microcosm,/'ma??kr??k??z(??)m/ n.??,'ma??kr??k??z(??)m, n,??,,"small, representative system having analogies to larger system; miniature model of something"
336,mimic,/'m??m??k/ v. Syn. imitate; copy,'m??m??k, v, Syn, imitate; copy,"copy or imitate closely, especially in speech, expression"
337,misanthrope,/'m??s??n??ro??p/ n.??,'m??s??n??ro??p, n,??,,one who hates or mistrusts mankind
338,misnomer,/m??s'no??m??(r)/ n.??,m??s'no??m??(r), n,??,,error in naming person or place; incorrect designation
339,monologue,/'m??n??l??g/ n.??,'m??n??l??g, n,??,,speech uttered by a person alone; dramatic soliloquy
340,morose,/m??'ro??s/ a. Syn. sullen; gloomy,m??'ro??s, a, Syn, sullen; gloomy,ill humored; sullen; depressingly dark; gloomy; persistent
341,motley,/'m??tl??/ a. Syn. mixed; heterogeneous,'m??tl??, a, Syn, mixed; heterogeneous,multi-colored; mixed; having elements of great variety
342,mottled,/'m??t(??)ld/ a. Syn. spotted,'m??t(??)ld, a, Syn, spotted,spotted with different shades or colors
343,mundane,/'m??nde??n/ a. Syn. worldly; earthly; secular,'m??nde??n, a, Syn, worldly; earthly; secular,belonging to this earth or world; not ideal or heavenly; concerned with commonplaces; ordinary
344,murky,/'m??rk??/ a. Syn. vague,'m??rk??, a, Syn, vague,dark and gloomy; thick with fog; vague
345,myriad,/'m??r????d/ a. Syn. innumerable; many; countless; numberless,'m??r????d, a, Syn, innumerable; many; countless; numberless,of very large or indefinite number; of ten thousand
346,nautical,/'n??:t??k(??)l/ a. Syn. marine; maritime; naval,'n??:t??k(??)l, a, Syn, marine; maritime; naval,"relating to ships, sailors, or navigation"
347,nettle,/'n??t(??)l/ v. Syn. annoy; vex,'n??t(??)l, v, Syn, annoy; vex,"cause annoyance in; disturb, especially by minor irritations; vex"
348,nocturnal,/n??k't??rn(??)l/ a. Syn. nightly,n??k't??rn(??)l, a, Syn, nightly,of or relating to or occurring in the night; most active at night
349,noisome,/'n????s??m/ a.??,'n????s??m, a,??,,foul-smelling; offensive by arousing disgust; harmful or dangerous
350,nostalgia,/n??'st??ld????/ n. Syn. homesickness,n??'st??ld????, n, Syn, homesickness,homesickness; bittersweet longing for things of past.
351,notorious,/no??'t??:r????s/ a. Syn. disreputable; infamous,no??'t??:r????s, a, Syn, disreputable; infamous,disreputable; known widely and usually unfavorably; infamous
352,novice,/'n??v??s/ n. Syn. beginner,'n??v??s, n, Syn, beginner,beginner; person new to a field or activity
353,obdurate,/'??bdj??r??t/;/'??bd??r??t/ a. Syn. stubborn; inflexible,??bdj??r??t; '??bd??r??t, a, Syn, stubborn; inflexible,hardened in wrongdoing or wickedness; not giving in to persuasion
354,oblivion,/??'bl??v????n/ n. Syn. amnesty,??'bl??v????n, n, Syn, amnesty,condition or quality of being completely forgotten; official overlooking of offenses; amnesty
355,oblivious,/??'bl??v????s/ a. Syn. forgetful,??'bl??v????s, a, Syn, forgetful,inattentive or unmindful; lacking all memory; forgetful
356,obsession,/??b's????(??)n/ n. Syn. fascination; mania,??b's????(??)n, n, Syn, fascination; mania,"compulsive, often unreasonable idea or emotion"
357,obsolete,/'??bs??li:t/ a. Syn. outmoded; antiquated,'??bs??li:t, a, Syn, outmoded; antiquated,no longer useful; outmoded; antiquated
358,obtrude,/??b'tru:d/ v.??,??b'tru:d, v,??,,push oneself or one's ideas forward or intrude; stick out or extrude
359,obtrusive,/??b'tru:s??v/ a.??,??b'tru:s??v, a,??,,inclined to intrude or thrust one's self or one's opinions upon others; enter uninvited; forward; pushing; intrusive.
360,obviate,/'??bv??e??t/ v.??,'??bv??e??t, v,??,,bypass requirement or make it unnecessary; get rid of
361,omnipotent,/??m'n??p??t??nt/ a. Syn. infinite,??m'n??p??t??nt, a, Syn, infinite,"all-powerful; having unlimited or universal power, authority, or force"
362,onus,/'o??n??s/ n. Syn. burden; responsibility,'o??n??s, n, Syn, burden; responsibility,burden or obligation; difficult or disagreeable responsibility or necessity
363,ostensible,/??'st??ns??b(??)l/ a. Syn. apparent,??'st??ns??b(??)l, a, Syn, apparent,"put forth or held out as real, actual, or intended; proper or intended to be shown"
364,ostracize,/'??str??sa??z/ v. Syn. ban,'??str??sa??z, v, Syn, ban,exclude from community or group; banish by popular vote
365,panacea,/p??n??'s????/ n.??,p??n??'s????, n,??,,"remedy for all diseases, evils, or difficulties; a cure-all"
366,panegyric,/p??n??'d????r??k/ n.??,p??n??'d????r??k, n,??,,formal or high praise; formal eulogistic composition intended as public compliment
367,paradox,/'p??r??d??ks/ n. Syn. contradiction,'p??r??d??ks, n, Syn, contradiction,something apparently contradictory in nature; statement that looks false but is actually correct
368,paraphrase,/'p??r??fre??z/ v. Syn. restate; reword,'p??r??fre??z, v, Syn, restate; reword,"restate text in one's own words, especially to clarify thought of others"
369,parody,/'p??r??d??/ n.??,'p??r??d??, n,??,,work or performance that imitates another work or performance with ridicule or irony; make fun of
370,peccadillo,/p??k??'d??lo??/ n.??,p??k??'d??lo??, n,??,,slight offense; small sin or fault
371,pecuniary,/p??'kju:n????r??/ a.??,p??'kju:n????r??, a,??,,relating to money; requiring payment of money
372,pedant,/'p??d??nt/ n.??,'p??d??nt, n,??,,one who is overly concerned with formal rules and trivial points of learning
373,pedantic,/p??'d??nt??k/ a. Syn. bookish,p??'d??nt??k, a, Syn, bookish,"marked by narrow focus on or display of learning, especially formal rules and trivial points; bookish"
374,peremptory,/p??'r??mpt??r??/;/'p??r??mpt??:r??/ a. Syn. imperative,p??'r??mpt??r??, a, Syn, Imperative,offensively self-assured; dictatorial; not allowing contradiction or refusal
375,pertinacious,/p??rt??'ne??????s/;/-tn'e??????s/ a. Syn. stubborn; persistent,p??rt??'ne??????s; -tn'e??????s; 'p??r??mpt??:r??, a, Syn, stubborn; persistent,stubbornly or perversely persistent; unyielding; obstinate
376,peruse,/p??'ru:z/ v.??,p??'ru:z, v,??,,"read or examine, typically with great care"
377,perverse,/p??'v??rs/ a.??,p??'v??rs, a,??,,stubbornly wrongheaded; directed away from what is right or good
378,petrify,/'p??tr??fa??/ v.??,'p??tr??fa??, v,??,,convert wood or other organic matter into stony replica; cause to become stiff or stonelike
379,plagiarism,/'ple??d????r??z??m/ n. Syn. copying; imitation,'ple??d????r??z??m, n, Syn, copying; imitation,theft of another's ideas or writings passed off as original
380,platitude,/'pl??t??tju:d/;/-tu:d/ n.??,'pl??t??tju:d, n,??,,dullness; insipidity of thought; commonplace statement; lack of originality
381,plebeian,/pl??'bi:??n/ a.??,pl??'bi:??n, a,??,,crude or coarse; unrefined or coarse in nature or manner; common or vulgar
382,ponderous,/'p??nd??r??s/ a. Syn. weighty,'p??nd??r??s, a, Syn, weighty,slow and laborious because of weight; labored and dull
383,precarious,/pr??'k????r????s/ a. Syn. uncertain; risky,pr??'k????r????s, a, Syn, uncertain; risky,uncertain; risky; dangerously lacking in security or stability
384,precipitous,/pr??'s??p??t??s/ a. Syn. steep; overhasty,pr??'s??p??t??s, a, Syn, steep; overhasty,"extremely steep; descending rapidly, or rushing onward"
385,precocious,/pr??'ko??????s/ a.??,pr??'ko??????s, a,??,,advanced in development; appearing or developing early
386,predatory,/'pr??d??t??r??/;/'pr??d??t??:r??/ a. Syn. carnivorous,pr??d??t??r??; 'pr??d??t??:r??, a, Syn, Carnivorous,living by preying on other animals
387,predilection,/pri:d??'l??k??(??)n/;/pr??dl'??k????n/ n. Syn. partiality; preference,pri:d??'l??k??(??)n; pr??dl'??k????n, n, Syn, partiality; preference,condition of favoring or liking; tendency towards; preference
388,prelude,/'pr??lju:d/ n. Syn. introduction; forerunner,'pr??lju:d, n, Syn, introduction; forerunner,introduction; forerunner; preliminary or preface
389,prerogative,/pr??'r??g??t??v/ n. Syn. privilege,pr??'r??g??t??v, n, Syn, privilege,privilege; unquestionable right; exclusive power to command
390,prestige,/pr??'sti:??/ n. Syn. fame; reputation,pr??'sti:??, n, Syn, fame; reputation,impression produced by achievements or reputation; recognized distinction or importance
391,presumption,/pr??'z??mp??(??)n/ n.??,pr??'z??mp??(??)n, n,??,,"act of presuming, or believing upon probable evidence; act of assuming; belief upon incomplete proof"
392,procrastinate,/pro??'kr??st??ne??t/ v. Syn. postpone,pro??'kr??st??ne??t, v, Syn, postpone,"postpone or delay needlessly; put off doing something, especially out of habitual carelessness or laziness"
393,prognosis,/pr??g'no??s??s/ n. Syn. forecast; prediction,pr??g'no??s??s, n, Syn, forecast; prediction,forecasted course of a disease; forecast or prediction; likelihood of recovery from a disease
394,promontory,/'pr??m??nt??r??/;/-t??:r??/ n. Syn. cliff,pr??m??nt??r??; =-t??:r??, n, Syn, Cliff,"natural elevation, especially a rock that projects into the sea; cliff; headland; high cape"
395,promulgate,/'pr??m??lge??t/ v. Syn. announce,'pr??m??lge??t, v, Syn, announce,proclaim doctrine or law; make known by official publication
396,provisional,/pr??'v??????n(??)l/ a. Syn. tentative; temporary,pr??'v??????n(??)l, a, Syn, tentative; temporary,temporary; provided for present need only
397,proximity,/pr??k's??m??t??/ n. Syn. nearness; adjacency,pr??k's??m??t??, n, Syn, nearness; adjacency,"state of being proximate; nearness in place, time, or relation"
398,pseudonym,/'sju:d??n??m/;/'su:-/ n.??,sju:d??n??m; 'su:-, n,??,,pen name; fictitious name used when someone performs a particular social role
399,punitive,/'pju:n??t??v/ a. Syn. punishing,'pju:n??t??v, a, Syn, punishing,punishing; involving punishment; awarding or inflicting punishment
400,querulous,/'kw??r??l??s/ a. Syn. fretful; whining,'kw??r??l??s, a, Syn, fretful; whining,habitually complaining; expressing complaint or grievance
401,quixotic,/kw??k's??t??k/ a.??,kw??k's??t??k, a,??,,idealistic without regard to practicality
402,raconteur,/r??k??n't??:(r)/ n. Syn. storyteller,r??k??n't??:(r), n, Syn, storyteller,storyteller; one who tells stories and anecdotes with skill and wit
403,radical,/'r??d??k(??)l/ a. Syn. drastic; extreme,'r??d??k(??)l, a, Syn, drastic; extreme,drastic; extreme; arising from or going to a root or source; basic
404,ramification,/r??m??f??'ke????(??)n/ n. Syn. subdivision,r??m??f??'ke????(??)n, n, Syn, subdivision,act or process of branching out or dividing into branches; subdivision or branch
405,raze,/re??z/ v. Syn. demolish; ruin,re??z, v, Syn, demolish; ruin,destroy completely; scrape or shave off
406,recapitulate,/ri:k??'p??tj??le??t/ v. Syn. summarize,ri:k??'p??tj??le??t, v, Syn, summarize,summarize; repeat in concise form
407,reciprocal,/r??'s??pr??k(??)l/ a. Syn. mutual; exchangeable; interacting,r??'s??pr??k(??)l, a, Syn, mutual; exchangeable; interacting,concerning each of two or more persons or things; exchangeable; interacting
408,recumbent,/r??'k??mb??nt/ a. Syn. reclining,r??'k??mb??nt, a, Syn, reclining,reclining; lying down completely or in part
409,redolent,/'r??d??l??nt/ a. Syn. fragrant; odorous,'r??d??l??nt, a, Syn, fragrant; odorous,fragrant; odorous; suggestive of odor
410,redoubtable,/r??'da??t??b(??)l/ a. Syn. formidable,r??'da??t??b(??)l, a, Syn, formidable,formidable; arousing fear or awe; worthy of respect or honor
411,refute,/r??'fju:t/ v. Syn. disprove,r??'fju:t, v, Syn, disprove,disprove; prove to be false or incorrect
412,reiterate,/ri:'??t??re??t/ v.??,ri:'??t??re??t, v,??,,"say, state, or perform again or repeatedly"
413,remunerative,/r??'mju:n??r??t??v/ a. Syn. compensating; rewarding,r??'mju:n??r??t??v, a, Syn, compensating; rewarding,compensating; rewarding; profitable or paying
414,renegade,/'r??n??ge??d/ n. Syn. deserter; traitor,'r??n??ge??d, n, Syn, deserter; traitor,disloyal person; traitor or rebel
415,reprisal,/r??'pra??z(??)l/ n. Syn. retaliation; recaption,r??'pra??z(??)l, n, Syn, retaliation; recaption,action taken in return for injury or offense
416,resentment,/r??'z??ntm??nt/ n. Syn. indignation; bitterness; displeasure,r??'z??ntm??nt, n, Syn, indignation; bitterness; displeasure,indignation; deep sense of injury; strong displeasure
417,resilient,/r??'z??l????nt/ a. Syn. elastic; flexible; rebounding,r??'z??l????nt, a, Syn, elastic; flexible; rebounding,elastic; having power of springing back or recover readily
418,respite,/'r??spa??t/ n. Syn. pause,'r??spa??t, n, Syn, pause,usually short interval of rest or relief; delay in punishment
419,retribution,/r??tr??'bju:??(??)n/ n. Syn. vengeance; compensation,r??tr??'bju:??(??)n, n, Syn, vengeance; compensation,something justly deserved; recompense; compensation; punishment for offenses
420,retrieve,/r??'tri:v/ v. Syn. recover; regain,r??'tri:v, v, Syn, recover; regain,recover; find and bring in; get back
421,rudimentary,/ru:d??'m??nt??r??/ a. Syn. elementary; crude; incipient,ru:d??'m??nt??r??, a, Syn, elementary; crude; incipient,relating to basic facts or principles; being in the earliest stages of development; incipient
422,rue,/ru:/ v. Syn. regret; lament; mourn,ru:, v, Syn, regret; lament; mourn,"feel regret, remorse, or sorrow for; mourn"
423,sacrosanct,/'s??kro??s????kt/ a. Syn. inviolable,'s??kro??s????kt, a, Syn, inviolable,regarded as sacred and inviolable
424,sagacious,/s??'ge??????s/ a. Syn. perceptive; shrewd,s??'ge??????s, a, Syn, perceptive; shrewd,perceptive; shrewd; having insight
425,sagacity,/s??'g??s??t??/ n.??,s??'g??s??t??, n,??,,quality of being sagacious; quickness or acuteness of sense perceptions; keenness of discernment; shrewdness
426,sanctimonious,/s????kt??'mo??n????s/ a. Syn. hypocritical,s????kt??'mo??n????s, a, Syn, hypocritical,excessively or hypocritically pious; possessing sanctity; sacred; holy; saintly; religious
427,sanguine,/'s????gw??n/ a. Syn. cheerful; hopeful; ruddy,'s????gw??n, a, Syn, cheerful; hopeful; ruddy,cheerfully confident; optimistic; of healthy reddish color; ruddy
428,sartorial,/s??r't??:r????l/ a.??,s??r't??:r????l, a,??,,"relating to a tailor, tailoring, or tailored clothing"
429,scourge,/sk??rd??/ n. Syn. lash; whip,sk??rd??, n, Syn, lash; whip,whip used to inflict punishment; severe punishment
430,scrutinize,/'skru:t??na??z/;/-t??na??z/ v.??,skru:t??na??z; =-t??na??z, v,??,,examine closely and critically
431,simper,/'s??mp??(r)/ v. Syn. smirk,'s??mp??(r), v, Syn, smirk,smirk; smile in artificial way to make an impression
432,sinecure,/'sa??n??kj????(r)/ n.??,'sa??n??kj????(r), n,??,,well-paid position with little responsibility
433,sinister,/'s??n??st??(r)/ a. Syn. evil,'s??n??st??(r), a, Syn, evil,suggesting or threatening evil
434,soporific,/s??p??'r??f??k/ a.??,s??p??'r??f??k, a,??,,sleep-causing; marked by sleepiness
435,sordid,/'s??:d??d/ a. Syn. filthy; vile; dirty; foul,'s??:d??d, a, Syn, filthy; vile; dirty; foul,filthy; unethical or dishonest; dirty; foul; morally degraded
436,sovereign,/'s??vr??n/ a. Syn. excellent; independent,'s??vr??n, a, Syn, excellent; independent,having supreme rank or power; self governing; excellent; independent
437,sporadic,/sp??'r??d??k/ a.??,sp??'r??d??k, a,??,,occurring at irregular intervals; having no pattern or order in time
438,spurn,/sp??rn/ v. Syn. reject; scorn,sp??rn, v, Syn, reject; scorn,reject disdainfully or contemptuously; scorn
439,stoic,/'sto????k/ a. Syn. impassive,'sto????k, a, Syn, impassive,"one who is seemingly indifferent to or unaffected by joy, grief, pleasure, or pain"
440,stringent,/'str??nd????nt/ a. Syn. binding; rigid,'str??nd????nt, a, Syn, binding; rigid,demanding strict attention to rules and procedures; binding; rigid
441,stupendous,/stju:'p??nd??s/;/stu:-/ a.??,stju:'p??nd??s; stu:-, a,??,,"astonishing; wonderful; amazing, especially, astonishing in magnitude or elevation"
442,succulent,/'s??kj??l??nt/ a. Syn. delectable,'s??kj??l??nt, a, Syn, delectable,full of juicy; full of richness; highly interesting or enjoyable; delectable
443,sultry,/'s??ltr??/ a.??,'s??ltr??, a,??,,burning hot; extremely and unpleasantly hot
444,tangible,/'t??nd????b(??)l/ a. Syn. real; palpable,'t??nd????b(??)l, a, Syn, real; palpable,able to be touched; real or concrete; palpable
445,tantamount,/'t??nt??ma??nt/ a.??,'t??nt??ma??nt, a,??,,equivalent in effect or value
446,taunt,/t??:nt/ v.??,t??:nt, v,??,,"reproach in a mocking, insulting, or contemptuous manner; make fun of , often in an aggressive manner"
447,temerity,/t??'m??r??t??/ n. Syn. boldness; rashness,t??'m??r??t??, n, Syn, boldness; rashness,boldness; rashness; foolhardy disregard of danger
448,temporal,/'t??mp??r(??)l/ a. Syn. secular,'t??mp??r(??)l, a, Syn, secular,not lasting forever; limited by time; secular or civil; of material world; worldly
449,tenet,/'t??n??t/ n. Syn. doctrine; dogma,'t??n??t, n, Syn, doctrine; dogma,"opinion, doctrine, or principle held as being true by person or organization"
450,tenuous,/'t??nj????s/ a. Syn. thin; rare; slim,'t??nj????s, a, Syn, thin; rare; slim,long and thin; slender; having little substance
451,tranquil,/'tr????kw??l/ a. Syn. serene; pacific,'tr????kw??l, a, Syn, serene; pacific,free from disturbance; pacific
452,transgress,"/tr??ns'gr??s, tr??r-/ v.??","tr??ns'gr??s, tr??r-", v,??,,pass over or beyond; surpass
453,tremulous,/'tr??mj??l??s/ a. Syn. trembling; wavering,'tr??mj??l??s, a, Syn, trembling; wavering,"marked by trembling, quivering, or shaking; timid or fearful; timorous"
454,trivial,/'tr??v????l/ a. Syn. unimportant; trifling; commonplace,'tr??v????l, a, Syn, unimportant; trifling; commonplace,unimportant; of little significance or value; ordinary; commonplace
455,truculence,/'trukj??l??ns/ n. Syn. aggressiveness; ferocity,'trukj??l??ns, n, Syn, aggressiveness; ferocity,aggressiveness; ferocity; ferociously cruel actions or behavior
456,truculent,"/'trukj??l??nt, 'tr??kj??l??nt/ a. Syn. belligerent","'trukj??l??nt, 'tr??kj??l??nt", a, Syn, belligerent,disposed to fight; belligerent; aggressively hostile
457,turgid,/'t??rd????d/ a. Syn. swollen; distended,'t??rd????d, a, Syn, swollen; distended,swollen; distended; excessively ornate or complex in style or language
458,ubiquitous,/ju:'b??kw??t??s/ a. Syn. omnipresent,ju:'b??kw??t??s, a, Syn, omnipresent,being or existing everywhere; omnipresent
459,untenable,/??n't??n??b(??)l/ a. Syn. indefensible,??n't??n??b(??)l, a, Syn, indefensible,indefensible; not able to be maintained
460,utilitarian,/j??t??l??'t????r????n/ a. Syn. practical; useful,j??t??l??'t????r????n, a, Syn, practical; useful,"practical and functional, not just for show"
461,vanquish,/'v????kw????/ v. Syn. conquer; overcome; defeat,'v????kw????, v, Syn, conquer; overcome; defeat,conquer; overcome; come out better in a competition
462,veneer,/v??'n????(r)/ n.??,v??'n????(r), n,??,,thin layer; coating consisting of thin layer; ornamental coating to a building
463,venerable,/'v??n??r??b(??)l/ a. Syn. revered; honored,'v??n??r??b(??)l, a, Syn, revered; honored,deserving high respect; impressive by reason of age; profoundly honored
464,vernal,/'v??rn(??)l/ a. Syn. fresh,'v??rn(??)l, a, Syn, fresh,related to spring; suggestive of youth; vigorous and fresh
465,versatile,/'v??rs??ta??l/;/-tl/ a. Syn. flexible; pliable,v??rs??ta??l; =-tl, a, Syn, flexible; pliable,having many talents; capable of working in many fields
466,vicarious,/v??'k????r????s/ a.??,v??'k????r????s, a,??,,acting as substitute; done by deputy; experienced at secondhand
467,vicissitude,/v??'s??s??tud/ n.??,v??'s??s??tud, n,??,,"change, especially in one's life or fortunes; regular change or succession of one thing to another; alternation"
468,vituperative,/va??'tup??r??tiv/ a. Syn. abusive; scolding,va??'tup??r??tiv, a, Syn, abusive; scolding,marked by harsh spoken or written abuse; scolding
469,waive,/we??v/ v. Syn. yield; relinquish,we??v, v, Syn, yield; relinquish,give up temporarily; yield; give up voluntarily; defer
470,whim,/w??m/;/hw??m/ n. Syn. fancy; caprice; impulse,w??m; hw??m, n, Syn, fancy; caprice; impulse,sudden turn or start of mind; temporary eccentricity; fancy; capricious notion
471,whimsical,/'w??mz??k(??)l/ a. Syn. capricious,'w??mz??k(??)l, a, Syn, capricious,determined by chance or impulse or whim rather than by necessity or reason; capricious
472,writhe,/ra????/ v. Syn. contort,ra????, v, Syn, contort,move in twisting or contorted motion; contort in pain
473,zealot,/'z??l??t/ n. Syn. fanatic,'z??l??t, n, Syn, fanatic,fanatically committed person; person who shows excessive zeal
474,zealous,/'z??l??s/ a. Syn. enthusiastic; fervent,'z??l??s, a, Syn, enthusiastic; fervent,enthusiastic; filled with or motivated by zeal
475,zenith,/'z??n????/ n. Syn. summit,'z??n????, n, Syn, summit,point directly overhead in sky; summit
